{
  "tag": "verify_phase3_fp16out_n1_44min",
  "mode": "n1",
  "num_threads": 4,
  "provider": "cpu",
  "onnx_provider": "COREML_ANE_FULL",
  "coreml_asr_patch": false,
  "wall_total": 388.71200299263,
  "tasks": {
    "4spk-44min": {
      "meta": {
        "label": "4spk-44min",
        "audio_path": "/Users/zhanglixing/Dev/projects/250729_funasr_spk_server/funasr_spk_server/tmp_long_audio/eval_set/audio_4spk.m4a",
        "wall": 343.9196487090012,
        "duration": 2625.89825,
        "rtf": 0.1309721915953907,
        "n_segments": 296,
        "speakers": [
          "Speaker17",
          "Speaker3",
          "Speaker5",
          "Speaker6",
          "Speaker71"
        ],
        "num_threads": 4,
        "provider": "cpu",
        "onnx_provider": "COREML_ANE_FULL",
        "coreml_asr_patch": false,
        "asr_text_len": 13751
      },
      "totals": {
        "asr.encoder.frontend_onnx": 211.86208483599876,
        "asr.encoder.backend_onnx": 6.573058377995039,
        "asr.encoder.total": 219.04766129300333,
        "audio.load": 3.0363164159989537,
        "audio.load_file_wrap": 3.036409917000128,
        "asr.llm_decode": 105.79791192100129,
        "asr.safe_decode_total": 105.7984510810038,
        "sherpa.pipeline.process": 196.71599245799916,
        "sherpa.diarize.total": 202.18777545900048,
        "asr.run_total": 323.908419667001,
        "sherpa.embedding.compute": 11.735172917000455,
        "cluster_merge.apply": 13.710810958000366
      },
      "wall": 387.72128229100053
    }
  }
}