{
  "tag": "d1b_nn_t8_n1_1spk",
  "mode": "n1",
  "num_threads": 8,
  "provider": "cpu",
  "onnx_provider": "COREML",
  "coreml_asr_patch": true,
  "wall_total": 155.25849294662476,
  "tasks": {
    "1spk-16min": {
      "meta": {
        "label": "1spk-16min",
        "audio_path": "/Users/zhanglixing/Dev/projects/250729_funasr_spk_server/funasr_spk_server/tmp_long_audio/eval_set/audio_1spk_real.m4a",
        "wall": 153.35888116600108,
        "duration": 970.176,
        "rtf": 0.1580732580129802,
        "n_segments": 43,
        "speakers": [
          "Speaker1"
        ],
        "num_threads": 8,
        "provider": "cpu",
        "onnx_provider": "COREML",
        "coreml_asr_patch": true,
        "asr_text_len": 4630
      },
      "totals": {
        "asr.encoder.frontend_onnx": 14.66933329103631,
        "asr.encoder.backend_onnx": 92.65723879296274,
        "asr.encoder.total": 107.546462043043,
        "audio.load": 1.6719980420020875,
        "audio.load_file_wrap": 1.6720245420001447,
        "sherpa.pipeline.process": 69.9363415419939,
        "sherpa.diarize.total": 72.91543479199754,
        "asr.llm_decode": 37.1188390860043,
        "asr.safe_decode_total": 37.11903374892427,
        "asr.run_total": 144.63504370900046,
        "sherpa.embedding.compute": 4.850709618986002,
        "cluster_merge.apply": 5.705806957994355
      },
      "wall": 154.94834941600857
    }
  }
}