{
  "tag": "d1d_fe_cpuane_t8_n1_1spk",
  "mode": "n1",
  "num_threads": 8,
  "provider": "cpu",
  "onnx_provider": "COREML",
  "coreml_asr_patch": true,
  "wall_total": 149.17735719680786,
  "tasks": {
    "1spk-16min": {
      "meta": {
        "label": "1spk-16min",
        "audio_path": "/Users/zhanglixing/Dev/projects/250729_funasr_spk_server/funasr_spk_server/tmp_long_audio/eval_set/audio_1spk_real.m4a",
        "wall": 145.63398912499542,
        "duration": 970.176,
        "rtf": 0.1501108965022794,
        "n_segments": 42,
        "speakers": [
          "Speaker1"
        ],
        "num_threads": 8,
        "provider": "cpu",
        "onnx_provider": "COREML",
        "coreml_asr_patch": true,
        "asr_text_len": 4634
      },
      "totals": {
        "asr.encoder.frontend_onnx": 5.9090345010044985,
        "asr.encoder.backend_onnx": 93.30372912304301,
        "asr.encoder.total": 99.44555425099679,
        "audio.load": 1.6625002090004273,
        "audio.load_file_wrap": 1.662527874999796,
        "sherpa.pipeline.process": 70.32813049999822,
        "sherpa.diarize.total": 73.23457154199423,
        "asr.llm_decode": 37.265573873970425,
        "asr.safe_decode_total": 37.26576829201076,
        "asr.run_total": 136.6897683749994,
        "sherpa.embedding.compute": 4.957785542996135,
        "cluster_merge.apply": 5.82603041701077
      },
      "wall": 148.45439908400294
    }
  }
}