{
  "tag": "b0_cpu_t8_n1_4spk",
  "mode": "n1",
  "num_threads": 8,
  "provider": "cpu",
  "onnx_provider": "CPU",
  "coreml_asr_patch": false,
  "wall_total": 410.8390910625458,
  "tasks": {
    "4spk-44min": {
      "meta": {
        "label": "4spk-44min",
        "audio_path": "/Users/zhanglixing/Dev/projects/250729_funasr_spk_server/funasr_spk_server/tmp_long_audio/eval_set/audio_4spk.m4a",
        "wall": 408.79884691700136,
        "duration": 2625.89825,
        "rtf": 0.1556796219796412,
        "n_segments": 297,
        "speakers": [
          "Speaker17",
          "Speaker3",
          "Speaker5",
          "Speaker6",
          "Speaker71"
        ],
        "num_threads": 8,
        "provider": "cpu",
        "onnx_provider": "CPU",
        "coreml_asr_patch": false,
        "asr_text_len": 13788
      },
      "totals": {
        "asr.encoder.frontend_onnx": 38.84680087495508,
        "asr.encoder.backend_onnx": 60.73397708302218,
        "asr.encoder.total": 100.20031808798376,
        "audio.load": 2.973916000002646,
        "audio.load_file_wrap": 2.974029666998831,
        "sherpa.pipeline.process": 182.24359787499998,
        "sherpa.diarize.total": 187.7934191250024,
        "asr.llm_decode": 287.63932709196524,
        "asr.safe_decode_total": 287.63983329301846,
        "asr.run_total": 387.90894924999157,
        "sherpa.embedding.compute": 11.725582006954937,
        "cluster_merge.apply": 13.722706999993534
      },
      "wall": 410.3931110419944
    }
  }
}