{
  "tag": "b0_cpu_t8_n2",
  "mode": "n2",
  "num_threads": 8,
  "provider": "cpu",
  "onnx_provider": "CPU",
  "coreml_asr_patch": false,
  "wall_total": 495.6371169090271,
  "tasks": {
    "1spk-16min": {
      "meta": {
        "label": "1spk-16min",
        "audio_path": "/Users/zhanglixing/Dev/projects/250729_funasr_spk_server/funasr_spk_server/tmp_long_audio/eval_set/audio_1spk_real.m4a",
        "wall": 244.09110083400446,
        "duration": 970.176,
        "rtf": 0.2515946599730404,
        "n_segments": 41,
        "speakers": [
          "Speaker1"
        ],
        "num_threads": 8,
        "provider": "cpu",
        "onnx_provider": "CPU",
        "coreml_asr_patch": false,
        "asr_text_len": 4630
      },
      "totals": {
        "asr.encoder.frontend_onnx": 24.549456083987025,
        "asr.encoder.backend_onnx": 165.93040171101165,
        "asr.encoder.total": 190.81651987399528,
        "audio.load": 1.9302162500025588,
        "audio.load_file_wrap": 1.9302443339984166,
        "sherpa.pipeline.process": 126.55838420800137,
        "sherpa.diarize.total": 129.82159924999723,
        "asr.llm_decode": 42.191401541982486,
        "asr.safe_decode_total": 42.191710124017845,
        "asr.run_total": 232.97333712499676,
        "sherpa.embedding.compute": 6.185352621978382,
        "cluster_merge.apply": 7.172238249993825
      },
      "wall": 245.7710397080009
    },
    "4spk-44min": {
      "meta": {
        "label": "4spk-44min",
        "audio_path": "/Users/zhanglixing/Dev/projects/250729_funasr_spk_server/funasr_spk_server/tmp_long_audio/eval_set/audio_4spk.m4a",
        "wall": 493.35111858299933,
        "duration": 2625.89825,
        "rtf": 0.18787899286767845,
        "n_segments": 297,
        "speakers": [
          "Speaker17",
          "Speaker3",
          "Speaker5",
          "Speaker6",
          "Speaker71"
        ],
        "num_threads": 8,
        "provider": "cpu",
        "onnx_provider": "CPU",
        "coreml_asr_patch": false,
        "asr_text_len": 13861
      },
      "totals": {
        "asr.encoder.frontend_onnx": 38.76847204600199,
        "asr.encoder.backend_onnx": 60.59530554300727,
        "asr.encoder.total": 100.05905517100473,
        "sherpa.pipeline.process": 262.797950375003,
        "sherpa.diarize.total": 268.5389842500008,
        "audio.load": 268.5924412919994,
        "audio.load_file_wrap": 268.5924526249946,
        "asr.llm_decode": 107.63679587397928,
        "asr.safe_decode_total": 107.63736129003519,
        "asr.run_total": 207.75342483400163,
        "sherpa.embedding.compute": 11.410275130001537,
        "cluster_merge.apply": 13.37670279199665
      },
      "wall": 495.04991549999977
    }
  }
}