{
  "tag": "d1d_fe_cpuane_t8_n2",
  "mode": "n2",
  "num_threads": 8,
  "provider": "cpu",
  "onnx_provider": "COREML",
  "coreml_asr_patch": true,
  "wall_total": 458.58166098594666,
  "tasks": {
    "1spk-16min": {
      "meta": {
        "label": "1spk-16min",
        "audio_path": "/Users/zhanglixing/Dev/projects/250729_funasr_spk_server/funasr_spk_server/tmp_long_audio/eval_set/audio_1spk_real.m4a",
        "wall": 226.0561633749894,
        "duration": 970.176,
        "rtf": 0.23300531385541323,
        "n_segments": 42,
        "speakers": [
          "Speaker1"
        ],
        "num_threads": 8,
        "provider": "cpu",
        "onnx_provider": "COREML",
        "coreml_asr_patch": true,
        "asr_text_len": 4630
      },
      "totals": {
        "asr.encoder.frontend_onnx": 10.869002417020965,
        "asr.encoder.backend_onnx": 162.4452610819717,
        "asr.encoder.total": 173.6125806239579,
        "audio.load": 1.8965311250067316,
        "audio.load_file_wrap": 1.8965548330015736,
        "sherpa.pipeline.process": 123.45671425000182,
        "sherpa.diarize.total": 126.6586626250064,
        "asr.llm_decode": 41.94281320601294,
        "asr.safe_decode_total": 41.943088164931396,
        "asr.run_total": 215.55412450000586,
        "sherpa.embedding.compute": 5.964462627991452,
        "cluster_merge.apply": 6.914835292001953
      },
      "wall": 229.30367587499495
    },
    "4spk-44min": {
      "meta": {
        "label": "4spk-44min",
        "audio_path": "/Users/zhanglixing/Dev/projects/250729_funasr_spk_server/funasr_spk_server/tmp_long_audio/eval_set/audio_4spk.m4a",
        "wall": 454.835572875003,
        "duration": 2625.89825,
        "rtf": 0.17321142312921034,
        "n_segments": 296,
        "speakers": [
          "Speaker17",
          "Speaker3",
          "Speaker5",
          "Speaker6",
          "Speaker71"
        ],
        "num_threads": 8,
        "provider": "cpu",
        "onnx_provider": "COREML",
        "coreml_asr_patch": true,
        "asr_text_len": 13803
      },
      "totals": {
        "asr.encoder.frontend_onnx": 15.786738293041708,
        "asr.encoder.backend_onnx": 310.63157224698807,
        "asr.encoder.total": 327.1248288370116,
        "audio.load": 3.8355169589922298,
        "audio.load_file_wrap": 3.835620750003727,
        "sherpa.pipeline.process": 249.48826979199657,
        "sherpa.diarize.total": 255.36838987500232,
        "asr.llm_decode": 107.02327183200396,
        "asr.safe_decode_total": 107.02383358099905,
        "asr.run_total": 434.2249088749959,
        "sherpa.embedding.compute": 11.521083955754875,
        "cluster_merge.apply": 13.525445582999964
      },
      "wall": 457.87823016699986
    }
  }
}